"Title","Year","Era","Type","Country","Genre","Summary","Link","VideoID","TrailerID"
"The Ball Game","1898","Deadball Era","Doc","USA","Documentary","Short film depicting an 1898 baseball game between Reading and Newark. [ 1 ]","https://en.wikipedia.org/wiki/The_Ball_Game","",""
"Baseball and Bloomers","1911","Deadball Era","Short","USA","Short","An all-girl baseball team uses two Harvard boys in disguise. [ 2 ]","https://en.wikipedia.org/wiki/Baseball_and_Bloomers","",""
"Little Sunset","1915","Deadball Era","Feature","USA","","","","",""
"Right Off the Bat","1915","Deadball Era","Feature","USA","Drama","A bio-pic of sorts starring professional baseball player Mike Donlin . [ 3 ]","","",""
"Spit Ball Sadie","1915","Deadball Era","Feature","USA","","","","",""
"Beatrice Fairfax (Episode 10: Play Ball)","1916","Deadball Era","Feature","USA","","","","",""
"Casey at the Bat","1916","Deadball Era","Feature","USA","Drama","A lost five-reeler based on Ernest Thayer 's poem and starring DeWolf Hopper . [ 4 ]","https://en.wikipedia.org/wiki/Casey_at_the_Bat_(1916_film)","",""
"Somewhere in Georgia","1916","Deadball Era","Feature","USA","Drama","Ty Cobb as a ball-playing bank clerk in a story by Grantland Rice . [ 5 ]","https://en.wikipedia.org/wiki/Somewhere_in_Georgia","",""
"Baseball Madness","1917","Deadball Era","Feature","USA","Comedy","A silent film starring Gloria Swanson . [ 6 ]","https://en.wikipedia.org/wiki/Baseball_Madness","",""
"One Touch Of Nature","1917","Deadball Era","Feature","USA","","","","",""
"The Pinch Hitter","1917","Deadball Era","Feature","USA","","","","",""
"Baseball: An Analysis of Motion","1919","Deadball Era","Feature","USA","","","","",""
"The Busher","1919","Deadball Era","Feature","USA","Comedy","Small-town ballplayer gets a big head after joining the St. Paul Pink Sox. [ 7 ] [ 8 ]","https://en.wikipedia.org/wiki/The_Busher","",""
"Headin' Home","1920","Golden Age","Feature","USA","Biographical","A silent film about young Babe Ruth , who stars as himself. [ 9 ]","https://en.wikipedia.org/wiki/Headin%27_Home","",""
"As The World Rolls On","1921","Golden Age","Feature","USA","","","","",""
"Trifling With Honor","1923","Golden Age","Feature","USA","","","","",""
"Hit And Run","1924","Golden Age","Feature","USA","","","","",""
"Life's Greatest Game","1924","Golden Age","Feature","USA","Drama","Chicago Cubs pitcher Jack Donovan refuses to throw a game. [ 10 ]","https://en.wikipedia.org/wiki/Life%27s_Greatest_Game","",""
"The Battling Orioles","1924","Golden Age","Feature","USA","Comedy","A barber enlists the help of his father and his old professional baseball teammates to solve a problem. [ 11 ]","https://en.wikipedia.org/wiki/The_Battling_Orioles","",""
"Play Ball","1925","Golden Age","Feature","USA","","","","",""
"The Pinch Hitter","1925","Golden Age","Feature","USA","","","","",""
"Out Of The West","1926","Golden Age","Feature","USA","","","","",""
"The New Klondike","1926","Golden Age","Feature","USA","Comedy","A pitcher and his manager clash over a Florida land purchase. [ 12 ]","https://en.wikipedia.org/wiki/The_New_Klondike","",""
"Babe Comes Home","1927","Golden Age","Feature","USA","Comedy","Babe Ruth stars as a baseball player who falls for the laundry woman who cleans his uniform. [ 9 ]","https://en.wikipedia.org/wiki/Babe_Comes_Home","",""
"Casey at the Bat","1927","Golden Age","Feature","USA","Comedy","Wallace Beery in slugger's fable based on Ernest Thayer poem. [ 13 ]","https://en.wikipedia.org/wiki/Casey_at_the_Bat_(1927_film)","",""
"Catch-As-Catch-Can","1927","Golden Age","Feature","USA","","","","",""
"College","1927","Golden Age","Feature","USA","","","","",""
"Slide, Kelly, Slide","1927","Golden Age","Feature","USA","Comedy","A cocky newcomer thinks he's the New York Yankees' new star. [ 14 ] [ 15 ]","https://en.wikipedia.org/wiki/Slide,_Kelly,_Slide","",""
"The Bush Leaguer","1927","Golden Age","Feature","USA","Comedy","An eccentric inventor is also the local team's star pitcher. [ 16 ]","https://en.wikipedia.org/wiki/The_Bush_Leaguer","",""
"Speedy","1928","Golden Age","Feature","USA","","","","",""
"The Cameraman","1928","Golden Age","Feature","USA","","","","",""
"Warming Up","1928","Golden Age","Feature","USA","Romance","New player competes with team's star for owner's daughter. [ 17 ]","https://en.wikipedia.org/wiki/Warming_Up_(1928_film)","",""
"Fast Company","1929","Golden Age","Feature","USA","Comedy","Elmer Kane ( Jack Oakie ) hopes the Yankees and an actress are interested in him. [ 18 ] [ 19 ]","https://en.wikipedia.org/wiki/Fast_Company_(1929_film)","",""
"Hot Curves","1930","Golden Age","Feature","USA","Comedy","Pittsburgh pitcher finds romance with manager's daughter. [ 20 ]","https://en.wikipedia.org/wiki/Hot_Curves","",""
"They Learned About Women","1930","Golden Age","Feature","USA","Musical","Two pals play ball by day, perform in vaudeville by night. [ 21 ]","https://en.wikipedia.org/wiki/They_Learned_About_Women","",""
"Up the River","1930","Golden Age","Feature","USA","Comedy","A prison baseball game prompts Spencer Tracy and Humphrey Bogart to break into the pen. [ 22 ]","https://en.wikipedia.org/wiki/Up_the_River","",""
"Fancy Curves","1932","Golden Age","Short","USA","Short","Babe Ruth coaches a women's baseball team, and ends up in drag as one of the players. [ 9 ]","","",""
"Fireman, Save My Child","1932","Golden Age","Feature","USA","Comedy","Joe E. Brown as a small-town fireman who is also the town's star ballplayer. [ 23 ]","https://en.wikipedia.org/wiki/Fireman,_Save_My_Child_(1932_film)","",""
"Just Pals","1932","Golden Age","Short","USA","Short","Babe Ruth umpires a baseball game at an orphanage. [ 9 ]","","",""
"Over the Fence","1932","Golden Age","Short","USA","Short","Babe Ruth convinces a schoolteacher to allow the class to play baseball instead of having their math lesson. [ 9 ]","","",""
"Perfect Control","1932","Golden Age","Short","USA","Short","A schoolboy dreams that his classmates play a sandlot game with Babe Ruth. [ 9 ]","","",""
"Slide, Babe, Slide","1932","Golden Age","Short","USA","Short","Babe Ruth plays baseball with a group of kids who refuse to believe he is who he says he is. [ 9 ]","","",""
"Elmer, the Great","1933","Golden Age","Feature","USA","Drama","Joe E. Brown as an egotistical Chicago Cubs baseball star. Remake of 1929 film . [ 24 ]","https://en.wikipedia.org/wiki/Elmer,_the_Great","",""
"Death on the Diamond","1934","Golden Age","Feature","USA","Mystery","Ballplayer ( Robert Young ) tries to find who's killing his fellow St. Louis Cardinals . [ 25 ]","https://en.wikipedia.org/wiki/Death_on_the_Diamond","",""
"Alibi Ike","1935","Golden Age","Feature","USA","Comedy","Joe E. Brown as a pitcher with a million excuses. [ 26 ]","https://en.wikipedia.org/wiki/Alibi_Ike","",""
"Swell-Head","1935","Golden Age","Feature","USA","","","","",""
"The Adventures Of Frank Merriwell","1936","Golden Age","Feature","USA","","","","",""
"Girls Can Play","1937","Golden Age","Feature","USA","Mystery","A women's softball team owner murders a player ( Rita Hayworth ) by poisoning her catcher's mitt. [ 27 ]","https://en.wikipedia.org/wiki/Girls_Can_Play","",""
"Home Run on the Keys","1937","Golden Age","Short","USA","Short","Musicians Zez Confrey and Byron Gay sit with Babe Ruth and write a song about baseball. [ 9 ]","","",""
"Manhattan Merry-Go-Round","1937","Golden Age","Feature","USA","","","","",""
"Brother Rat","1938","Golden Age","Feature","USA","","","","",""
"Rawhide","1938","Golden Age","Feature","USA","","","","",""
"How to Play Baseball","1942","Golden Age","Feature","USA","","","","",""
"It Happened in Flatbush","1942","Golden Age","Feature","USA","Comedy","Hard-hearted manager ( Lloyd Nolan ) falls for Brooklyn team's owner. [ 28 ]","https://en.wikipedia.org/wiki/It_Happened_in_Flatbush","",""
"The Pride of the Yankees","1942","Golden Age","Feature","USA","Biographical","The life and career of Lou Gehrig , with Gary Cooper as Gehrig and Babe Ruth as himself. [ 9 ]","https://en.wikipedia.org/wiki/The_Pride_of_the_Yankees","",""
"Woman Of The Year","1942","Golden Age","Feature","USA","","","","",""
"Ladies' Day","1943","Golden Age","Feature","USA","Comedy","Sox pitcher Wacky Waters ( Eddie Albert ) is distracted by a hot Hollywood movie star, Pepita Zorita ( Lupe Vélez ). [ 29 ]","https://en.wikipedia.org/wiki/Ladies%27_Day_(film)","",""
"Whistling In Brooklyn","1943","Golden Age","Feature","USA","","","","",""
"The Naughty Nineties","1945","Golden Age","Feature","USA","","","","",""
"Make Mine Music","1946","Golden Age","Feature","USA","","","","",""
"The Babe Ruth Story","1948","Golden Age","Feature","USA","Biographical","The life and career of Babe Ruth , starring William Bendix . [ 30 ]","https://en.wikipedia.org/wiki/The_Babe_Ruth_Story","",""
"It Happens Every Spring","1949","Golden Age","Feature","USA","Comedy","Ray Milland as a scientist whose secret formula turns him into a great pitcher. [ 31 ]","https://en.wikipedia.org/wiki/It_Happens_Every_Spring","",""
"Take Me Out To The Ballgame","1949","Golden Age","Feature","USA","","","","",""
"Take Me Out to the Ball Game","1949","Golden Age","Feature","USA","Musical","Frank Sinatra and Gene Kelly as singing, dancing ballplayers. [ 33 ]","https://en.wikipedia.org/wiki/Take_Me_Out_to_the_Ball_Game_(film)","",""
"The Kid from Cleveland","1949","Golden Age","Feature","USA","Drama","The '48 World Series champion Cleveland Indians come to the aid of a young fan. [ 34 ]","https://en.wikipedia.org/wiki/The_Kid_from_Cleveland","",""
"The Stratton Story","1949","Golden Age","Feature","USA","Biographical","The career and fateful accident of pitcher Monty Stratton , starring James Stewart . [ 32 ]","https://en.wikipedia.org/wiki/The_Stratton_Story","",""
"Kill the Umpire","1950","Golden Age","Feature","USA","Comedy","William Bendix as a baseball fan who becomes an umpire. [ 35 ]","https://en.wikipedia.org/wiki/Kill_the_Umpire","",""
"The Jackie Robinson Story","1950","Golden Age","Feature","USA","Biographical","Baseball pioneer Jackie Robinson as himself, with Ruby Dee as his wife . [ 36 ]","https://en.wikipedia.org/wiki/The_Jackie_Robinson_Story","",""
"Angels in the Outfield","1951","Golden Age","Feature","USA","Comedy","A Pittsburgh Pirates manager ( Paul Douglas ) gets some help from above. [ 37 ]","https://en.wikipedia.org/wiki/Angels_in_the_Outfield_(1951_film)","",""
"On Moonlight Bay","1951","Golden Age","Feature","USA","","","","",""
"Rhubarb","1951","Golden Age","Feature","USA","Comedy","Ray Milland in a cute tale about a cat who inherits a baseball team. [ 38 ]","https://en.wikipedia.org/wiki/Rhubarb_(1951_film)","",""
"The Pride of St. Louis","1952","Golden Age","Feature","USA","Biographical","Dan Dailey as the colorful pitcher Dizzy Dean . [ 39 ]","https://en.wikipedia.org/wiki/The_Pride_of_St._Louis","",""
"The Winning Team","1952","Golden Age","Feature","USA","Biographical","Based on pitcher Grover Cleveland Alexander , played by Ronald Reagan . [ 40 ]","https://en.wikipedia.org/wiki/The_Winning_Team","",""
"Big Leaguer","1953","Golden Age","Feature","USA","Drama","Hans Lobert ( Edward G. Robinson ) runs a training camp for baseball's New York Giants. [ 42 ]","https://en.wikipedia.org/wiki/Big_Leaguer","",""
"Jackie & Joe (The Jackie Robinson Story, The History of Joe Louis)","1953","Golden Age","Feature","USA","","","","",""
"The Kid from Left Field","1953","Golden Age","Feature","USA","Comedy","The son of a peanut vendor ( Dan Dailey ) becomes the leader of a big-league team. [ 41 ]","https://en.wikipedia.org/wiki/The_Kid_from_Left_Field_(1953_film)","",""
"Casey Bats Again","1954","Golden Age","Feature","USA","","","","",""
"Play Ball With the Orioles","1954","Golden Age","Feature","USA","","","","",""
"Roogie's Bump","1954","Golden Age","Feature","USA","Comedy","A mysterious bump somehow gives a boy a big-league arm. [ 43 ]","https://en.wikipedia.org/wiki/Roogie%27s_Bump","",""
"Strategic Air Command","1955","Golden Age","Feature","USA","","","","",""
"Three Stripes In The Sun","1955","Golden Age","Feature","USA","","","","",""
"""Bang the Drum Slowly"" ( The United States Steel Hour )","1956","Golden Age","Feature","USA","Drama","A pitcher develops a friendship with a catcher who has a terminal disease. Broadcast on The United States Steel Hour . Based on the novel of the same name by Mark Harris . [ 44 ]","https://en.wikipedia.org/wiki/Bang_the_Drum_Slowly_(The_United_States_Steel_Hour)","",""
"I'll Buy You","1956","Golden Age","Feature","USA","","","","",""
"The Great American Pastime","1956","Golden Age","Feature","USA","Comedy","A man ( Tom Ewell ) decides to coach a Little League team, then regrets it. [ 45 ]","https://en.wikipedia.org/wiki/The_Great_American_Pastime","",""
"Fear Strikes Out","1957","Golden Age","Feature","USA","Biographical","The life and career of Jimmy Piersall , played by Anthony Perkins . [ 46 ]","https://en.wikipedia.org/wiki/Fear_Strikes_Out","",""
"Damn Yankees","1958","Golden Age","Feature","USA","Musical","A man sells his soul to the devil on behalf of the Washington Senators . [ 47 ]","https://en.wikipedia.org/wiki/Damn_Yankees_(film)","",""
"The Geisha Boy","1958","Golden Age","Feature","USA","","","","",""
"Moochie of the Little League","1959","Golden Age","Feature","USA","","","","",""
"Experiment in Terror","1962","Expansion Era","Feature","USA","","","","",""
"Safe at Home!","1962","Expansion Era","Feature","USA","Comedy","With Mickey Mantle and Roger Maris as themselves . [ 48 ]","https://en.wikipedia.org/wiki/Safe_at_Home!","",""
"That Touch Of Mink","1962","Expansion Era","Feature","USA","","","","",""
"Damn Yankees","1967","Expansion Era","Feature","USA","Musical","A man sells his soul to the devil on behalf of the Washington Senators . [ 47 ]","https://en.wikipedia.org/wiki/Damn_Yankees_(film)","",""
"One-Legged Ace","1971","Expansion Era","Feature","USA","","","","",""
"The Ceremony","1971","Expansion Era","Feature","USA","","","","",""
"Bang the Drum Slowly","1973","Expansion Era","Feature","USA","Drama","Robert De Niro and Michael Moriarty star in Mark Harris 's adaptation of his own novel about a pitcher who develops a friendship with a catcher who has a terminal disease. [ 49 ]","https://en.wikipedia.org/wiki/Bang_the_Drum_Slowly_(film)","",""
"It's Good To Be Alive","1974","Expansion Era","Short","USA","Biographical","TV movie about former Brooklyn Dodgers catcher Roy Campanella , whose career was cut short when he lost the use of his legs in an auto accident in January 1958. [ 50 ]","https://en.wikipedia.org/wiki/It%27s_Good_to_Be_Alive_(film)","",""
"Two Ball Games","1975","Expansion Era","Feature","USA","","","","",""
"The Bad News Bears","1976","Expansion Era","Feature","USA","Comedy","Walter Matthau 's bad Little League team gets help from a girl pitcher ( Tatum O'Neal ) and a motorcycle-riding slugger ( Jackie Earle Haley ). [ 51 ]","https://en.wikipedia.org/wiki/The_Bad_News_Bears","",""
"The Bingo Long Traveling All-Stars & Motor Kings","1976","Expansion Era","Feature","USA","Comedy","A barnstorming team of Negro leagues players, with James Earl Jones , Billy Dee Williams , Richard Pryor . [ 52 ]","https://en.wikipedia.org/wiki/The_Bingo_Long_Traveling_All-Stars_%26_Motor_Kings","",""
"Just The Beginning","1977","Expansion Era","Feature","USA","","","","",""
"Murder at the World Series","1977","Expansion Era","Feature","USA","Drama","TV film starring Karen Valentine and Janet Leigh . [ 53 ]","https://en.wikipedia.org/wiki/Murder_at_the_World_Series","",""
"The Bad News Bears in Breaking Training","1977","Expansion Era","Feature","USA","Comedy","Sequel to 1976 film , with William Devane as the team's coach. [ 54 ]","https://en.wikipedia.org/wiki/The_Bad_News_Bears_in_Breaking_Training","",""
"A Boy Called Third Base","1978","Expansion Era","Feature","USA","","","","",""
"A Love Affair: The Eleanor and Lou Gehrig Story","1978","Expansion Era","Feature","USA","Biographical","TV film on Yankee immortal's marriage and tragedy, featuring Blythe Danner and Edward Herrmann . [ 56 ]","","",""
"Goodbye, Franklin High","1978","Expansion Era","Feature","USA","","","","",""
"Here Come The Tigers","1978","Expansion Era","Feature","USA","","","","",""
"One in a Million: The Ron LeFlore Story","1978","Expansion Era","Feature","USA","Biographical","TV film on the life and career of Ron LeFlore , starring LeVar Burton . [ 55 ]","https://en.wikipedia.org/wiki/One_in_a_Million:_The_Ron_LeFlore_Story","",""
"The Bad News Bears Go to Japan","1978","Expansion Era","Feature","USA","Comedy","Second sequel to 1976 film , this time starring Tony Curtis . [ 54 ]","https://en.wikipedia.org/wiki/The_Bad_News_Bears_Go_to_Japan","",""
"Aunt Mary","1979","Expansion Era","Feature","USA","Drama","A disabled women sets up a baseball team of street kids to save them from juvenile delinquency. [ 58 ] [ 59 ]","","",""
"The Kid from Left Field","1979","Expansion Era","Feature","USA","Comedy","Made-for-TV remake of the 1953 film , starring Gary Coleman . [ 57 ]","https://en.wikipedia.org/wiki/The_Kid_from_Left_Field_(1979_film)","",""
"It's My Turn","1980","Hollywood Boom","Feature","USA","","","","",""
"The Comeback Kid","1980","Hollywood Boom","Feature","USA","Comedy","Former minor leaguer ( John Ritter ) begins coaching underprivileged kids. [ 61 ]","https://en.wikipedia.org/wiki/The_Comeback_Kid_(film)","",""
"Don't Look Back : The Story of ""Satchel"" Paige","1981","Hollywood Boom","Feature","USA","","","","",""
"Don't Look Back: The Story of Leroy 'Satchel' Paige","1981","Hollywood Boom","Feature","USA","Biographical","TV film with Louis Gossett Jr. as Satchel Paige . [ 62 ]","https://en.wikipedia.org/wiki/Don%27t_Look_Back:_The_Story_of_Leroy_%27Satchel%27_Paige","",""
"Million Dollar Infields","1982","Hollywood Boom","Feature","USA","","","","",""
"Squeeze Play!","1982","Hollywood Boom","Feature","USA","Comedy","Sexy women form a softball team. [ 60 ]","https://en.wikipedia.org/wiki/Squeeze_Play!","",""
"Zapped!","1982","Hollywood Boom","Feature","USA","","","","",""
"Blue Skies Again","1983","Hollywood Boom","Feature","USA","Comedy","Denver Devils' potential second baseman isn't a man, it's a young woman. [ 64 ]","https://en.wikipedia.org/wiki/Blue_Skies_Again_(film)","",""
"Max Dugan Returns","1983","Hollywood Boom","Feature","USA","","","","",""
"Tiger Town","1983","Hollywood Boom","Feature","USA","Comedy","Early Disney Channel film about an aging Detroit Tigers ( Roy Scheider ). [ 65 ]","https://en.wikipedia.org/wiki/Tiger_Town","",""
"A Soldier's Story","1984","Hollywood Boom","Feature","USA","","","","",""
"The Natural","1984","Hollywood Boom","Feature","USA","Drama","Robert Redford in a fable about an unlikely, unlucky hero, Roy Hobbs. [ 66 ]","https://en.wikipedia.org/wiki/The_Natural_(film)","",""
"Brewster's Millions","1985","Hollywood Boom","Feature","USA","Comedy","Richard Pryor as a minor-leaguer with a chance to inherit 300 million dollars. [ 67 ]","https://en.wikipedia.org/wiki/Brewster%27s_Millions_(1985_film)","",""
"Heck of a Year","1985","Hollywood Boom","Feature","USA","","","","",""
"Insignificance","1985","Hollywood Boom","Feature","USA","","","","",""
"MacArthur's Children","1985","Hollywood Boom","Feature","USA","","","","",""
"The Slugger's Wife","1985","Hollywood Boom","Feature","USA","Romance","An Atlanta Braves player tries to break Roger Maris ' record and make a marriage work. [ 68 ] [ 69 ]","https://en.wikipedia.org/wiki/The_Slugger%27s_Wife","",""
"A Winner Never Quits","1986","Hollywood Boom","Feature","USA","Biographical","A television film on one-armed pro ballplayer Pete Gray , played by Keith Carradine . [ 70 ]","https://en.wikipedia.org/wiki/A_Winner_Never_Quits","",""
"Chasing Dreams","1986","Hollywood Boom","Feature","USA","","","","",""
"Ferris Bueller's Day Off","1986","Hollywood Boom","Feature","USA","","","","",""
"Amazing Grace and Chuck","1987","Hollywood Boom","Feature","USA","Drama","A Montana boy refuses to pitch Little League until the world bans nuclear weapons. With Gregory Peck as President of the United States. [ 73 ]","https://en.wikipedia.org/wiki/Amazing_Grace_and_Chuck","",""
"Long Gone","1987","Hollywood Boom","Feature","USA","Comedy","Early cable television film about a minor-league ballclub starring William Petersen . [ 71 ]","https://en.wikipedia.org/wiki/Long_Gone_(film)","",""
"New York Yankees (The Movie)","1987","Hollywood Boom","Doc","USA","Documentary","Interviews and footage covering the then-84 year history of the New York Yankees. [ 74 ]","","",""
"Stogies","1987","Hollywood Boom","Feature","USA","","","","",""
"Trading Hearts","1987","Hollywood Boom","Feature","USA","Comedy","Has-been player ( Raúl Juliá ) and his romance with a Florida single mom. [ 72 ]","https://en.wikipedia.org/wiki/Trading_Hearts","",""
"Bull Durham","1988","Hollywood Boom","Feature","USA","Rom-Com","Ron Shelton 's screwball comedy of a woman's ( Susan Sarandon ) summer with two minor-leaguers ( Kevin Costner and Tim Robbins ). [ 75 ]","https://en.wikipedia.org/wiki/Bull_Durham","",""
"Eight Men Out","1988","Hollywood Boom","Feature","USA","Biographical","Based on the 1919 Black Sox Scandal . [ 76 ]","https://en.wikipedia.org/wiki/Eight_Men_Out","",""
"Stealing Home","1988","Hollywood Boom","Feature","USA","Drama","Mark Harmon and Jodie Foster in a fictional tale of lost love. [ 77 ]","https://en.wikipedia.org/wiki/Stealing_Home","",""
"The Naked Gun: From the Files of Police Squad!","1988","Hollywood Boom","Feature","USA","Comedy","Someone's out to kill the Queen of England during a California Angels baseball game, and it's up to bumbling detective Frank Drebin ( Leslie Nielsen ) to foil the plot. [ 78 ]","https://en.wikipedia.org/wiki/The_Naked_Gun:_From_the_Files_of_Police_Squad!","",""
"Field of Dreams","1989","Hollywood Boom","Feature","USA","Drama","Voices tell an Iowa farmer ( Kevin Costner ) to build a baseball stadium in his cornfield. [ 79 ]","https://en.wikipedia.org/wiki/Field_of_Dreams","",""
"Major League","1989","Hollywood Boom","Feature","USA","Comedy","Fictional story of a team of misfit Cleveland Indians . [ 80 ]","https://en.wikipedia.org/wiki/Major_League_(film)","",""
"Night Game","1989","Hollywood Boom","Feature","USA","Crime drama","A ballpark murder mystery starring Roy Scheider . [ 81 ]","https://en.wikipedia.org/wiki/Night_Game_(film)","",""
"There Was Always Sun Shining Someplace: Life in the Negro Leagues","1989","Hollywood Boom","Feature","USA","","","","",""
"Babe Ruth : Man Myth Legend","1990","Hollywood Boom","Feature","USA","","","","",""
"Mr. Destiny","1990","Hollywood Boom","Feature","USA","Comedy","A man ( James Belushi ) blames his misfortune on a long-ago baseball game. [ 82 ]","https://en.wikipedia.org/wiki/Mr._Destiny","",""
"Taking Care of Business","1990","Hollywood Boom","Feature","USA","Comedy","A man ( James Belushi ) escapes jail to see the Chicago Cubs play in a World Series. [ 83 ]","https://en.wikipedia.org/wiki/Taking_Care_of_Business_(film)","",""
"The Court-Martial of Jackie Robinson","1990","Hollywood Boom","Feature","USA","Drama","Andre Braugher in TV biopic of Robinson's court-martial in U.S. Army. [ 85 ]","https://en.wikipedia.org/wiki/The_Court-Martial_of_Jackie_Robinson","",""
"Babe Ruth","1991","Hollywood Boom","Feature","USA","","","","",""
"City Slickers","1991","Hollywood Boom","Feature","USA","","","","",""
"Pastime","1991","Hollywood Boom","Feature","USA","Drama","A pair of minor leaguers, one 17, one 40, form a bond. [ 84 ]","https://en.wikipedia.org/wiki/Pastime_(film)","",""
"Talent for the Game","1991","Hollywood Boom","Feature","USA","Drama","A fictional Los Angeles Angels baseball scout ( Edward James Olmos ) finds a fantastic young pitcher. [ 86 ]","https://en.wikipedia.org/wiki/Talent_for_the_Game","",""
"When It Was a Game","1991","Hollywood Boom","Feature","USA","","","","",""
"A League of Their Own","1992","Hollywood Boom","Feature","USA","Comedy","A fictionalized account of the All-American Girls Professional Baseball League of the 1940s, starring Geena Davis and Tom Hanks . [ 89 ]","https://en.wikipedia.org/wiki/A_League_of_Their_Own","",""
"Mr. Baseball","1992","Hollywood Boom","Feature","USA","Rom-Com","Tom Selleck as a baseball star who ends up in Japan. [ 90 ]","https://en.wikipedia.org/wiki/Mr._Baseball","",""
"The Babe","1992","Hollywood Boom","Feature","USA","Biographical","Based on the life and career of Babe Ruth , starring John Goodman . [ 87 ]","https://en.wikipedia.org/wiki/The_Babe_(film)","",""
"The Comrades of Summer","1992","Hollywood Boom","Feature","USA","Comedy","A television film about a manager ( Joe Mantegna ) asked to take over a Soviet ballclub. [ 88 ]","https://en.wikipedia.org/wiki/The_Comrades_of_Summer","",""
"When It Was a Game 2","1992","Hollywood Boom","Feature","USA","","","","",""
"Cooperstown","1993","Hollywood Boom","Feature","USA","Drama","A former pitcher is visited by the ghost of his catcher. [ 94 ]","https://en.wikipedia.org/wiki/Cooperstown_(film)","",""
"Rookie of the Year","1993","Hollywood Boom","Feature","USA","Comedy","A boy develops a magical right arm and becomes a big-league pitcher for the Cubs. [ 91 ]","https://en.wikipedia.org/wiki/Rookie_of_the_Year_(film)","",""
"The Man From Left Field","1993","Hollywood Boom","Feature","USA","Comedy","A television film about a homeless man ( Burt Reynolds ) coaching a Little League team. [ 92 ]","https://en.wikipedia.org/wiki/The_Man_From_Left_Field","",""
"The Sandlot","1993","Hollywood Boom","Feature","USA","Comedy","A man reminisces about his childhood friends and the games they played. [ 93 ]","https://en.wikipedia.org/wiki/The_Sandlot","",""
"Angels in the Outfield","1994","Global Game","Feature","USA","Comedy","Disney remake of the 1951 film of the same name. [ 96 ]","https://en.wikipedia.org/wiki/Angels_in_the_Outfield_(1994_film)","",""
"Baseball","1994","Global Game","Doc","USA","Documentary","Comprehensive history of the game, 18 hours-plus, as chronicled by Ken Burns . [ 95 ]","https://en.wikipedia.org/wiki/Baseball_(TV_series)","",""
"Baseball - A Film by Ken Burns","1994","Global Game","Feature","USA","","","","",""
"Cobb","1994","Global Game","Feature","USA","Biographical","The career and last days of Ty Cobb , played by Tommy Lee Jones . [ 97 ]","https://en.wikipedia.org/wiki/Cobb_(film)","",""
"Little Big League","1994","Global Game","Feature","USA","Comedy","A child becomes owner of the Minnesota Twins . [ 98 ]","https://en.wikipedia.org/wiki/Little_Big_League","",""
"Major League II","1994","Global Game","Feature","USA","Comedy","Second film in the Major League series about the Cleveland Indians . [ 99 ]","https://en.wikipedia.org/wiki/Major_League_II","",""
"The Scout","1994","Global Game","Feature","USA","Comedy","A New York Yankees scout ( Albert Brooks ) finds a phenomenal but psychologically troubled prospect. [ 100 ]","https://en.wikipedia.org/wiki/The_Scout_(1994_film)","",""
"Cooperstown : Baseball's Main Street","1995","Global Game","Feature","USA","","","","",""
"Hank Aaron: Chasing the Dream","1995","Global Game","Doc","USA","Documentary","Aaron's pursuit of Babe Ruth 's all-time homer record, directed by Michael Tollin . [ 102 ]","https://en.wikipedia.org/wiki/Hank_Aaron:_Chasing_the_Dream","",""
"Past The Bleachers","1995","Global Game","Feature","USA","","","","",""
"Baseball Girls","1996","Global Game","Doc","USA","Documentary","A history of women's baseball. [ 101 ]","https://en.wikipedia.org/wiki/Baseball_Girls","",""
"Dorf on the Diamond","1996","Global Game","Short","USA","Comedy","Direct-to-video short film in the Dorf series starring Tim Conway . [ 103 ]","https://en.wikipedia.org/wiki/Dorf_on_the_Diamond","",""
"Ed","1996","Global Game","Feature","USA","Comedy","Matt LeBlanc befriends a baseball-playing chimpanzee. [ 104 ]","https://en.wikipedia.org/wiki/Ed_(film)","",""
"Soul of the Game","1996","Global Game","Feature","USA","Biographical","Story of baseball trailblazers including Jackie Robinson , Satchel Paige , Josh Gibson . [ 106 ]","https://en.wikipedia.org/wiki/Soul_of_the_Game","",""
"Space Jam","1996","Global Game","Feature","USA","","","","",""
"The Fan","1996","Global Game","Feature","USA","Thriller","A deranged San Francisco fan ( Robert De Niro ) kills a player, kidnaps another's son. [ 105 ]","https://en.wikipedia.org/wiki/The_Fan_(1996_film)","",""
"Joe Torre: Curveballs Along the Way","1997","Global Game","Feature","USA","Biographical","Paul Sorvino as the former New York Yankees manager. [ 107 ]","https://en.wikipedia.org/wiki/Joe_Torre:_Curveballs_Along_the_Way","",""
"Where Have You Gone, Joe DiMaggio?","1997","Global Game","Feature","USA","","","","",""
"BASEketball","1998","Global Game","Feature","USA","","","","",""
"Babe Ruth - The Life Behind the Legend","1998","Global Game","Feature","USA","","","","",""
"If the Sun Rises in the West","1998","Global Game","Feature","USA","Drama","South Korean story of an umpire. [ 109 ]","https://en.wikipedia.org/wiki/If_the_Sun_Rises_in_the_West","",""
"Major League 3 : Back To The Minors","1998","Global Game","Feature","USA","","","","",""
"Major League: Back to the Minors","1998","Global Game","Feature","USA","Comedy","Third film in the Major League series. [ 110 ]","https://en.wikipedia.org/wiki/Major_League:_Back_to_the_Minors","",""
"Simon Birch","1998","Global Game","Feature","USA","","","","",""
"The Life and Times of Hank Greenberg","1998","Global Game","Doc","USA","Documentary","The life and career of a former Detroit Tigers star and war hero. [ 108 ]","https://en.wikipedia.org/wiki/The_Life_and_Times_of_Hank_Greenberg","",""
"World Series Fix: Black Sox Scandal","1998","Global Game","Feature","USA","","","","",""
"For Love of the Game","1999","Global Game","Feature","USA","Drama","In possibly his last start, a Detroit pitcher ( Kevin Costner ) goes after a perfect game. [ 111 ]","https://en.wikipedia.org/wiki/For_Love_of_the_Game_(film)","",""
"Major League Baseball All Century Team","1999","Global Game","Feature","USA","","","","",""
"Angels in the Infield","2000","Global Game","Feature","USA","Comedy","Patrick Warburton in second made-for-TV sequel to the 1994 film . [ 113 ]","https://en.wikipedia.org/wiki/Angels_in_the_Infield","",""
"Finding Buck McHenry","2000","Global Game","Feature","USA","","","","",""
"Frequency","2000","Global Game","Feature","USA","","","","",""
"Greener Grass - Cuba, Baseball and the U.S.","2000","Global Game","Feature","USA","","","","",""
"MLB Superstars Show You Their Game","2000","Global Game","Feature","USA","","","","",""
"Modern Marvels - Baseball Parks (History Channel)","2000","Global Game","Feature","USA","","","","",""
"My Dog Skip","2000","Global Game","Feature","USA","","","","",""
"Only The Ball Was White","2000","Global Game","Doc","USA","Documentary","A tribute to the topflight players of the Negro leagues . [ 63 ]","","",""
"Perfect Game","2000","Global Game","Feature","USA","Comedy","Television film starring Ed Asner . [ 112 ]","https://en.wikipedia.org/wiki/Perfect_Game_(2000_film)","",""
"The Broken Hearts Club","2000","Global Game","Feature","USA","","","","",""
"When It Was a Game","2000","Global Game","Feature","USA","","","","",""
"When It Was a Game 3","2000","Global Game","Feature","USA","","","","",""
"61*","2001","Global Game","Feature","USA","Drama","HBO film directed by Billy Crystal about the 1961 season of Roger Maris and Mickey Mantle . [ 114 ]","https://en.wikipedia.org/wiki/61*","",""
"A Little Inside","2001","Global Game","Feature","USA","","","","",""
"All Over Again (Against Time)","2001","Global Game","Feature","USA","","","","",""
"Boston Red Sox: 100 Years of Baseball History","2001","Global Game","Feature","USA","","","","",""
"Hardball","2001","Global Game","Feature","USA","Drama","Keanu Reeves as a young man who takes charge of an inner-city team. [ 115 ]","https://en.wikipedia.org/wiki/Hardball_(film)","",""
"Summer Catch","2001","Global Game","Feature","USA","Romance","Fictional love story starring Freddie Prinze, Jr. . [ 116 ]","https://en.wikipedia.org/wiki/Summer_Catch","",""
"The 30 Most Memorable Moments in Baseball History","2001","Global Game","Feature","USA","","","","",""
"When It Was a Game - Triple Play Collection","2001","Global Game","Feature","USA","","","","",""
"When It Was a Game 2","2001","Global Game","Feature","USA","","","","",""
"Wrigley Field: Beyond the Ivy","2001","Global Game","Feature","USA","","","","",""
"Air Bud: Seventh Inning Fetch","2002","Global Game","Feature","USA","Comedy","Fourth entry in the Air Bud series. [ 117 ]","https://en.wikipedia.org/wiki/Air_Bud:_Seventh_Inning_Fetch","",""
"Bleacher Bums","2002","Global Game","Feature","USA","Comedy","TV version of the 1970s stage play about diehard fans in the outfield bleachers. [ 119 ]","https://en.wikipedia.org/wiki/Bleacher_Bums","",""
"The Rookie","2002","Global Game","Feature","USA","Biographical","Based on true story of a high school coach, pitcher Jim Morris , portrayed by Dennis Quaid . [ 118 ]","https://en.wikipedia.org/wiki/The_Rookie_(2002_film)","",""
"100 Years of the New York Yankees","2003","Global Game","Feature","USA","","","","",""
"Ball of Wax","2003","Global Game","Feature","USA","","","","",""
"Battlefield Baseball","2003","Global Game","Feature","USA","Action","Japanese film. [ 120 ]","https://en.wikipedia.org/wiki/Battlefield_Baseball","",""
"Boston Red Sox - Cowboy Up! The Wild Ride of","2003","Global Game","Feature","USA","","","","",""
"Day of Independence","2003","Global Game","Short","USA","Drama","Short film about baseball in a Japanese-American internment camp during World War II. [ 121 ]","https://en.wikipedia.org/wiki/Day_of_Independence","",""
"MLB - All Access Sound","2003","Global Game","Feature","USA","","","","",""
"Major League Baseball - 100 Years of the World Series","2003","Global Game","Feature","USA","","","","",""
"Mickey - A Family Story by John Grisham","2003","Global Game","Feature","USA","","","","",""
"The Curse of the Bambino","2003","Global Game","Feature","USA","","","","",""
"Yankee Immortals","2003","Global Game","Feature","USA","","","","",""
"Awesome All-Star Action","2004","Global Game","Feature","USA","","","","",""
"Baseball's Greatest Rivalries","2004","Global Game","Feature","USA","","","","",""
"Faith Rewarded - The Historic Season of the 2004 Red Sox","2004","Global Game","Feature","USA","","","","",""
"Hu$tle","2004","Global Game","Feature","USA","","","","",""
"Hustle","2004","Global Game","Feature","USA","Biographical","ESPN dramatization on success and scandal of Pete Rose , starring Tom Sizemore . [ 122 ]","https://en.wikipedia.org/wiki/Hustle_(2004_film)","",""
"Mickey","2004","Global Game","Feature","USA","Drama","John Grisham story about a Little Leaguer and his father. [ 123 ]","https://en.wikipedia.org/wiki/Mickey_(2004_film)","",""
"Mr.","2004","Global Game","Feature","USA","","","","",""
"Mr. 3000","2004","Global Game","Feature","USA","Comedy","A potential Hall of Famer ( Bernie Mac ) is told he's actually three hits shy of 3,000. [ 124 ]","https://en.wikipedia.org/wiki/Mr._3000","",""
"Nine Innings From Ground Zero","2004","Global Game","Doc","USA","Documentary","How the 2001 World Series helped America cope with 9/11 . [ 125 ]","","",""
"Nine Innings From Ground Zero: The 2001 World Series","2004","Global Game","Feature","USA","","","","",""
"Reverse of the Curse of the Bambino","2004","Global Game","Feature","USA","","","","",""
"Still We Believe: The Boston Red Sox Movie","2004","Global Game","Doc","USA","Documentary","A chronicle of the 2003 Boston Red Sox season . [ 74 ]","https://en.wikipedia.org/wiki/Still_We_Believe:_The_Boston_Red_Sox_Movie","",""
"The Winning Season","2004","Global Game","Feature","USA","Drama","A child from 1985 wakes up in 1909 and meets hero Honus Wagner ( Matthew Modine ). [ 128 ]","https://en.wikipedia.org/wiki/The_Winning_Season_(2004_film)","",""
"This Old Cub","2004","Global Game","Doc","USA","Documentary","Chronicles life of Ron Santo , focusing on his struggle with type 1 diabetes . [ 126 ]","https://en.wikipedia.org/wiki/This_Old_Cub","",""
"This Old Cub: The Inspiring Story of Chicago Legend Ron Santo","2004","Global Game","Feature","USA","","","","",""
"Touching the Game, The Story of The Cape Cod Baseball League","2004","Global Game","Feature","USA","","","","",""
"Up for Grabs","2004","Global Game","Doc","USA","Documentary","A battle over who owns ball hit in 2001 by Barry Bonds for his 73rd home run. [ 127 ]","https://en.wikipedia.org/wiki/Up_for_Grabs_(film)","",""
"Yankeeography, Vol. 1","2004","Global Game","Feature","USA","","","","",""
"Yankeeography, Vol. 2","2004","Global Game","Feature","USA","","","","",""
"Bad News Bears","2005","Global Game","Feature","USA","Comedy","Remake of 1976 film of same name, starring Billy Bob Thornton . [ 131 ]","https://en.wikipedia.org/wiki/Bad_News_Bears","",""
"Fever Pitch","2005","Global Game","Feature","USA","Rom-Com","Loosely based on Nick Hornby soccer story, in this case a Boston Red Sox fan ( Jimmy Fallon ). [ 129 ]","https://en.wikipedia.org/wiki/Fever_Pitch_(2005_film)","",""
"Game 6","2005","Global Game","Feature","USA","Drama","A playwright ( Michael Keaton ) has a wild night during a Red Sox playoff series. [ 130 ]","https://en.wikipedia.org/wiki/Game_6","",""
"History Rings True: Red Sox Opening Day Ring Ceremony","2005","Global Game","Feature","USA","","","","",""
"Pitcher and the Pin-Up","2005","Global Game","Feature","USA","","","","",""
"Pure Heat - Ultimate MLB Flamethrowers","2005","Global Game","Feature","USA","","","","",""
"The Sandlot 2","2005","Global Game","Feature","USA","Comedy","Direct-to-video sequel to The Sandlot . [ 93 ]","https://en.wikipedia.org/wiki/The_Sandlot_2","",""
"World Series 2005 - Chicago White Sox","2005","Global Game","Feature","USA","","","","",""
"Beer League","2006","Global Game","Feature","USA","Comedy","A town drunk plays in a big softball game. [ 134 ]","https://en.wikipedia.org/wiki/Beer_League","",""
"Everyone's Hero","2006","Global Game","Feature","USA","Animation","Cartoon family film with baseball theme. [ 133 ]","https://en.wikipedia.org/wiki/Everyone%27s_Hero","",""
"Here Come the Tigers","2006","Global Game","Feature","USA","","","","",""
"Kokoyakyu: High School Baseball","2006","Global Game","Doc","USA","Documentary","Broadcast on the U.S. PBS series POV . Explores the phenomenon of high school baseball in Japan . [ 136 ]","https://en.wikipedia.org/wiki/Kokoyakyu:_High_School_Baseball","",""
"MLB Vintage World Series Films - New York Yankees 17 Championship Seasons","2006","Global Game","Feature","USA","","","","",""
"Off the Black","2006","Global Game","Feature","USA","Drama","An umpire ( Nick Nolte ) befriends a high school player who hated him. [ 135 ]","https://en.wikipedia.org/wiki/Off_the_Black","",""
"The Benchwarmers","2006","Global Game","Feature","USA","Comedy","David Spade and Rob Schneider as middle-aged nerds who want to play ball. [ 132 ]","https://en.wikipedia.org/wiki/The_Benchwarmers","",""
"The Cincinnati Reds 1975 World Series Collector's Edition","2006","Global Game","Feature","USA","","","","",""
"American Pastime","2007","Global Game","Feature","USA","Drama","Based on true events, depicts life inside internment camps , where baseball was one of the major diversions from the reality of the internees' lives. [ 142 ]","https://en.wikipedia.org/wiki/American_Pastime_(film)","",""
"Black Irish","2007","Global Game","Feature","USA","Drama","Boston teen tries to escape family problems through his pitching. [ 141 ]","https://en.wikipedia.org/wiki/Black_Irish_(film)","",""
"Chasin October A Fan's Crusade","2007","Global Game","Feature","USA","","","","",""
"Dummy Hoy: A Deaf Hero","2007","Global Game","Feature","USA","","","","",""
"MLB Vintage World Series Films - Cincinnati Reds 1975, 1976 &","2007","Global Game","Feature","USA","","","","",""
"MLB Vintage World Series Films - Detroit Tigers 1945, 1968 &","2007","Global Game","Feature","USA","","","","",""
"New York Yankees 1977 World Series Collector's Edition","2007","Global Game","Feature","USA","","","","",""
"Reel Baseball: Baseball Films from the Silent Era","2007","Global Game","Feature","USA","","","","",""
"Season of the Samurai","2007","Global Game","Feature","USA","","","","",""
"The Bronx Is Burning","2007","Global Game","Doc","USA","Biographical","A docudrama of the events surrounding the 1977 New York Yankees season , with John Turturro as Billy Martin . [ 140 ]","https://en.wikipedia.org/wiki/The_Bronx_Is_Burning","",""
"The Final Season","2007","Global Game","Feature","USA","Drama","Based on 1991 season of Norway High School in Norway, Iowa , before it was closed and consolidated into its county school district , starring Sean Astin . [ 137 ]","https://en.wikipedia.org/wiki/The_Final_Season","",""
"The Sandlot: Heading Home","2007","Global Game","Feature","USA","Comedy","Second direct-to-video sequel to The Sandlot . [ 138 ] [ 139 ]","https://en.wikipedia.org/wiki/The_Sandlot:_Heading_Home","",""
"War Eagle, Arkansas","2007","Global Game","Feature","USA","","","","",""
"Yankeeography Megaset","2007","Global Game","Feature","USA","","","","",""
"City Without Baseball","2008","Global Game","Feature","USA","Drama","Chinese film. [ 143 ]","https://en.wikipedia.org/wiki/City_Without_Baseball","",""
"Diminished Capacity","2008","Global Game","Feature","USA","","","","",""
"Los Angeles Dodgers 1988 World Series Collector's Edition","2008","Global Game","Feature","USA","","","","",""
"Signs of the Time","2008","Global Game","Doc","USA","Documentary","Hour-long film which focuses on the origin of hand signals in baseball. [ 144 ]","https://en.wikipedia.org/wiki/Signs_of_the_Time_(film)","",""
"Signs of the Times","2008","Global Game","Feature","USA","","","","",""
"Sugar","2008","Global Game","Feature","USA","Drama","Story about a Dominican prospect and his adjustment to life in the U.S. [ 145 ]","https://en.wikipedia.org/wiki/Sugar_(2008_film)","",""
"The Girls of Summer","2008","Global Game","Feature","USA","","","","",""
"Touching Home","2008","Global Game","Feature","USA","Drama","Brothers with pro-ball ambitions deal with their homeless father ( Ed Harris ). [ 146 ]","https://en.wikipedia.org/wiki/Touching_Home_(film)","",""
"2009 New York Yankees - The Official World Series Film","2009","Global Game","Feature","USA","","","","",""
"Blutopia: The Los Angeles Dodgers Movie","2009","Global Game","Feature","USA","","","","",""
"Calvin Marshall","2009","Global Game","Feature","USA","Comedy","Talentless baseball player Alex Frost tries to make Steve Zahn coached college team. [ 149 ]","https://en.wikipedia.org/wiki/Calvin_Marshall","",""
"Renegades: A Beep Ball Story","2009","Global Game","Feature","USA","","","","",""
"The New York Yankees 2009 World Series Collector's Edition","2009","Global Game","Feature","USA","","","","",""
"The Official World Series Film Collection","2009","Global Game","Feature","USA","","","","",""
"The Open Road","2009","Global Game","Feature","USA","Drama","Minor leaguer Justin Timberlake has issues with baseball-legend dad Jeff Bridges . [ 148 ]","https://en.wikipedia.org/wiki/The_Open_Road","",""
"Yankeeography: The Captains Collection","2009","Global Game","Feature","USA","","","","",""
"4192: The Crowning of the Hit King","2010","Global Game","Doc","USA","Documentary","Reviewing the achievements, controversies of all-time hit leader Pete Rose . [ 150 ]","https://en.wikipedia.org/wiki/4192:_The_Crowning_of_the_Hit_King","",""
"Baseball's Greatest Games: 1960 World Series Game 7","2010","Global Game","Feature","USA","","","","",""
"Chasing","2010","Global Game","Feature","USA","","","","",""
"Chasing 3000","2010","Global Game","Feature","USA","Drama","Two boys go a long way to witness 3,000th career hit of Roberto Clemente . [ 151 ]","https://en.wikipedia.org/wiki/Chasing_3000","",""
"Essential Games of the Detroit Tigers","2010","Global Game","Feature","USA","","","","",""
"Fernando Nation","2010","Global Game","Doc","USA","Documentary","Made for TV as a part of ESPN's 30 for 30 series. Chronicles impact of Fernando Valenzuela 's 1981 rookie season with Los Angeles Dodgers . [ 152 ]","","",""
"Four Days in October","2010","Global Game","Doc","USA","Documentary","Made for TV as a part of ESPN's 30 for 30 series. On the Boston Red Sox ' comeback from 3–0 series deficit against Yankees in 2004 ALCS . [ 153 ]","https://en.wikipedia.org/wiki/Four_Days_in_October","",""
"Four Days in October (ESPN 30 for 30 Series)","2010","Global Game","Feature","USA","","","","",""
"How Do You Know","2010","Global Game","Feature","USA","Rom-Com","A romantic triangle involving a softball player ( Reese Witherspoon ) and a Washington Nationals pitcher ( Owen Wilson ). [ 154 ]","https://en.wikipedia.org/wiki/How_Do_You_Know","",""
"Jews and Baseball: An American Love Story","2010","Global Game","Doc","USA","Documentary","Documentary film on the connection and history between American Jews and baseball. [ 156 ]","https://en.wikipedia.org/wiki/Jews_and_Baseball:_An_American_Love_Story","",""
"Jordan Rides The Bus (ESPN 30 for 30 Series)","2010","Global Game","Feature","USA","","","","",""
"Jordan Rides the Bus","2010","Global Game","Doc","USA","Documentary","Made for TV as a part of ESPN's 30 for 30 series. Explores Michael Jordan 's brief career in minor league baseball after his first retirement from basketball. [ 157 ]","","",""
"Little Big Men","2010","Global Game","Doc","USA","Documentary","Made for TV as a part of ESPN's 30 for 30 series. On a Kirkland National Little League team's stunning victory in 1982 Little League World Series , and players' lives in the decades that followed. [ 158 ]","","",""
"Little Big Men (ESPN 30 for 30 Series)","2010","Global Game","Feature","USA","","","","",""
"Reds Memories: The Greatest Moments in Cincinnati Reds History","2010","Global Game","Feature","USA","","","","",""
"Silly Little Game","2010","Global Game","Doc","USA","Documentary","Made for TV as a part of ESPN's 30 for 30 series. About the New York City writers and academics who created Rotisserie fantasy baseball , and how their creation eventually left them behind. [ 159 ]","","",""
"Silly Little Game (ESPN 30 for 30 Series)","2010","Global Game","Feature","USA","","","","",""
"The House of Steinbrenner","2010","Global Game","Doc","USA","Documentary","Made for TV as a part of ESPN's 30 for 30 series. Explores the legacy of George Steinbrenner 's ownership of the New York Yankees . [ 155 ]","","",""
"The Perfect Game","2010","Global Game","Feature","USA","Drama","Based on true story of Mexico team that won 1957 Little League World Series . [ 147 ]","https://en.wikipedia.org/wiki/The_Perfect_Game","",""
"Yankeeography: The Core Four Collection","2010","Global Game","Feature","USA","","","","",""
"2011 World Series Collectors Edition","2011","Global Game","Feature","USA","","","","",""
"4192: The Crowning of the Hit King ( Pete Rose )","2011","Global Game","Feature","USA","","","","",""
"A Mile in His Shoes","2011","Global Game","Feature","USA","Drama","A minor-league manager stumbles on a hidden talent who throws apples on a farm. [ 161 ]","https://en.wikipedia.org/wiki/A_Mile_in_His_Shoes","",""
"Angels Memories: The Greatest Moments in Angels Baseball History","2011","Global Game","Feature","USA","","","","",""
"Ballplayer: Pelotero","2011","Global Game","Doc","USA","Documentary","A behind-the-scenes glimpse into the remarkably organized and well-managed system in the Dominican Republic that has produced an inordinate amount of elite athletes. [ 163 ]","https://en.wikipedia.org/wiki/Ballplayer:_Pelotero","",""
"Baseball's Greatest Games: 1979 Wrigley Field Slugfest","2011","Global Game","Feature","USA","","","","",""
"Baseball's Greatest Games: 1986 World Series Game 6","2011","Global Game","Feature","USA","","","","",""
"Baseball's Greatest Games: 1992 NLCS Game 7","2011","Global Game","Feature","USA","","","","",""
"Baseball's Greatest Games: 1993 World Series Game 6","2011","Global Game","Feature","USA","","","","",""
"Baseball's Greatest Games: Collector's Edition","2011","Global Game","Feature","USA","","","","",""
"Baseball's Greatest Games: Derek Jeter's 3000th Hit","2011","Global Game","Feature","USA","","","","",""
"Catching Hell","2011","Global Game","Doc","USA","Documentary","Made for TV as a follow-up to ESPN's 30 for 30 series. Explores relationship between Steve Bartman and other Chicago Cubs fans since foul-ball incident in Game 6 of 2003 NLCS . [ 160 ]","https://en.wikipedia.org/wiki/Catching_Hell","",""
"Catching Hell (ESPN 30 for 30 Series)","2011","Global Game","Feature","USA","","","","",""
"Chicago Cubs: The Heart & Soul of Chicago","2011","Global Game","Feature","USA","","","","",""
"Fernando Nation (ESPN 30 for 30 Series)","2011","Global Game","Feature","USA","","","","",""
"La Hazaña Del 41","2011","Global Game","Feature","USA","","","","",""
"Milltown Pride","2011","Global Game","Feature","USA","","","","",""
"Moneyball","2011","Global Game","Feature","USA","Drama","Based on a true story , the Michael Lewis best-seller about Oakland A's exec Billy Beane , played by Brad Pitt , and assistant general manager Peter Brand (based on Paul DePodesta , played by Jonah Hill ). [ 162 ]","https://en.wikipedia.org/wiki/Moneyball_(film)","",""
"Prime 9: MLB Heroics","2011","Global Game","Feature","USA","","","","",""
"Steve Bartman: Catching Hell","2011","Global Game","Feature","USA","","","","",""
"The Anaheim Angels 2002 World Series Collection","2011","Global Game","Feature","USA","","","","",""
"Baseball's Greatest Games: 2011 World Series Game 6","2012","Global Game","Feature","USA","","","","",""
"Baseball's Greatest Games: Verlander's 2007 No-Hitter","2012","Global Game","Feature","USA","","","","",""
"Essential Games of the Chicago Cubs","2012","Global Game","Feature","USA","","","","",""
"Essential Games of the Philadelphia Phillies","2012","Global Game","Feature","USA","","","","",""
"Essential Games of the Texas Rangers","2012","Global Game","Feature","USA","","","","",""
"Harvard Park","2012","Global Game","Feature","USA","","","","",""
"Hitting for the Cycle","2012","Global Game","Feature","USA","","","","",""
"Houston Astros 50th Anniversary Collector's Edition","2012","Global Game","Feature","USA","","","","",""
"Knuckleball!","2012","Global Game","Doc","USA","Documentary","A season following pitchers Tim Wakefield and R. A. Dickey . [ 165 ]","https://en.wikipedia.org/wiki/Knuckleball!","",""
"Not Exactly Cooperstown","2012","Global Game","Feature","USA","","","","",""
"One Hit From Home","2012","Global Game","Feature","USA","","","","",""
"Reel Baseball: Baseball's Golden Era","2012","Global Game","Feature","USA","","","","",""
"Screwball: The Ted Whitfield Story","2012","Global Game","Feature","USA","","","","",""
"The House of Steinbrenner (ESPN 30 for 30 Series)","2012","Global Game","Feature","USA","","","","",""
"Trouble with the Curve","2012","Global Game","Feature","USA","Drama","Clint Eastwood as a veteran Atlanta Braves scout whose vision is fading. [ 164 ]","https://en.wikipedia.org/wiki/Trouble_with_the_Curve","",""
"Universal Babe","2012","Global Game","Feature","USA","","","","",""
"You Don't Know Bo","2012","Global Game","Doc","USA","Documentary","Made for TV as a part of ESPN's 30 for 30 series about baseball and football star Bo Jackson . [ 166 ]","","",""
"42","2013","Global Game","Feature","USA","Biographical","Story of Jackie Robinson 's ( Chadwick Boseman ) historic signing with Brooklyn Dodgers under guidance of team executive Branch Rickey (played by Harrison Ford ). [ 168 ]","https://en.wikipedia.org/wiki/42_(film)","",""
"42 (The True Story of an American Legend / Jackie Robinson )","2013","Global Game","Feature","USA","","","","",""
"Gibsonburg","2013","Global Game","Feature","USA","Drama","Story of the 2005 Gibsonburg High School baseball team, the first Ohio high school team in any sport to win a state championship with a losing record. [ 169 ]","","",""
"Home Run","2013","Global Game","Feature","USA","Drama","A ballplayer dealing with substance abuse returns to his hometown. [ 167 ]","https://en.wikipedia.org/wiki/Home_Run_(film)","",""
"I'll Knock A Homer For You: The Timeless Story of Johnny Sylvester and Babe Ruth","2013","Global Game","Feature","USA","","","","",""
"Season of Miracles","2013","Global Game","Feature","USA","","","","",""
"The Only Real Game","2013","Global Game","Feature","USA","","","","",""
"You Don't Know Bo (ESPN 30 for 30 Series)","2013","Global Game","Feature","USA","","","","",""
"108 Stitches","2014","Global Game","Feature","USA","","","","",""
"Henry & Me","2014","Global Game","Feature","USA","Animation","Guardian angel introduces an ill 12-year-old to New York Yankees of different eras. [ 174 ]","https://en.wikipedia.org/wiki/Henry_%26_Me","",""
"Hero","2014","Global Game","Feature","USA","Drama","Christian film about fathers and sons. [ 170 ]","","",""
"Million Dollar Arm","2014","Global Game","Feature","USA","Drama","A sports agent ( Jon Hamm ) arranges a baseball tryout for two cricket players from India. [ 171 ]","https://en.wikipedia.org/wiki/Million_Dollar_Arm","",""
"No No: A Dockumentary ( Dock Ellis )","2014","Global Game","Feature","USA","","","","",""
"The Battered Bastards of Baseball","2014","Global Game","Doc","USA","Documentary","Look at a Portland minor-league team, featuring Bing (the team's owner) and Kurt Russell (who played for the team and later worked in its front office). [ 173 ]","https://en.wikipedia.org/wiki/The_Battered_Bastards_of_Baseball","",""
"The Vancouver Asahi","2014","Global Game","Feature","USA","Drama","Set in Canada during the 1930s. [ 172 ]","https://en.wikipedia.org/wiki/The_Vancouver_Asahi","",""
"Pitching Love and Catching Faith","2015","Global Game","Feature","USA","","","","",""
"Doc & Darryl","2016","Global Game","Doc","USA","Documentary","Made for TV as a part of ESPN's 30 for 30 series. Explores the lives, careers, and struggles with addiction of former New York Mets stars Dwight ""Doc"" Gooden and Darryl Strawberry . [ 177 ]","","",""
"Everybody Wants Some!!","2016","Global Game","Feature","USA","Comedy","Film by Richard Linklater about immature 1980 college baseball players in Texas. [ 176 ]","https://en.wikipedia.org/wiki/Everybody_Wants_Some!!_(film)","",""
"Fastball","2016","Global Game","Doc","USA","Documentary","With Kevin Costner narrating, lead a cast of baseball legends and scientists who explore the magic within the 396 milliseconds it takes a fastball to reach home plate, and decipher who threw the fastest pitch ever. [ 178 ]","","",""
"Ken Burns: Jackie Robinson","2016","Global Game","Feature","USA","","","","",""
"Spaceman","2016","Global Game","Feature","USA","Biographical","Josh Duhamel portrays a colorful left-handed pitcher, Bill Lee . [ 179 ]","https://en.wikipedia.org/wiki/Spaceman_(2016_film)","",""
"Spaceman ( Bill Lee )","2016","Global Game","Feature","USA","","","","",""
"The Phenom","2016","Global Game","Feature","USA","Drama","A talented young baseball player struggles professionally as he deals with his abusive father. [ 175 ]","https://en.wikipedia.org/wiki/The_Phenom_(film)","",""
"Undrafted","2016","Global Game","Feature","USA","Comedy","After a college baseball star doesn't make the Major League Baseball draft, an intramural game with friends becomes hugely important to him as he tries to accept his broken dreams. [ 180 ]","https://en.wikipedia.org/wiki/Undrafted_(film)","",""
"Let's Play Two","2017","Global Game","Feature","USA","","","","",""
"World Beaters","2017","Global Game","Doc","USA","Documentary","ESPN Films production chronicling the Maine – Endwell Little League team that won the 2016 Little League World Series , becoming the smallest community ever to win that event. [ 181 ]","","",""
"Brampton's Own","2018","Global Game","Feature","USA","Drama","A 30-year-old minor league prospect reconnects with his high school sweetheart during the off season. [ 182 ]","https://en.wikipedia.org/wiki/Brampton%27s_Own","",""
"Heading Home","2018","Global Game","Doc","USA","Documentary","About the underdog Israel national baseball team competing for the first time in the World Baseball Classic . [ 183 ]","https://en.wikipedia.org/wiki/Heading_Home_(2018_film)","",""
"The Catcher Was a Spy ( Moe Berg )","2018","Global Game","Feature","USA","","","","",""
"90 Feet From Home","2019","Global Game","Feature","USA","","","","",""
"Benchwarmers 2","2019","Global Game","Feature","USA","","","","",""
"Bottom of the 9th","2019","Global Game","Feature","USA","Drama","After serving 17 years in prison for a violent mistake he made in his youth, a once-aspiring baseball player returns to his Bronx neighborhood. [ 185 ]","https://en.wikipedia.org/wiki/Bottom_of_the_9th_(film)","",""
"Chance","2019","Global Game","Feature","USA","","","","",""
"Extra Innings","2019","Global Game","Feature","USA","","","","",""
"High & Outside","2019","Global Game","Feature","USA","","","","",""
"Koshien: Japan's Field of Dreams","2019","Global Game","Doc","USA","Documentary","US–Japanese coproduction exploring Japanese high school baseball , focusing on two schools trying to reach the 100th Summer Koshien national tournament and the differing approaches of their coaches. [ 184 ]","","",""
"Long Time Coming: A 1955 Baseball Story","2019","Global Game","Feature","USA","","","","",""
"The Other Boys of Summer","2019","Global Game","Feature","USA","","","","",""
"The Spy Behind Home Plate ( Moe Berg Documentary)","2019","Global Game","Feature","USA","","","","",""
"The Unauthorized Bash Brothers Experience ( Jose Canseco & Mark McGwire )","2019","Global Game","Feature","USA","","","","",""
"Throw Like a Girl","2019","Global Game","Feature","USA","","","","",""
"Baseball Girl","2020","Global Game","Feature","USA","Drama","Story of a high school student who tries to join a professional team with the help of her coach. [ 186 ]","https://en.wikipedia.org/wiki/Baseball_Girl","",""
"Long Gone Summer","2020","Global Game","Doc","USA","Documentary","Made for TV as a part of ESPN's 30 for 30 series. A look back at the 1998 home run chase between Mark McGwire and Sammy Sosa . [ 187 ]","","",""
"Long Gone Summer (30 For 30: Jose Canseco & Mark McGwire )","2020","Global Game","Feature","USA","","","","",""
"Romance in the Outfield: Double Play","2020","Global Game","Feature","USA","","","","",""
"The SIlent Natural","2020","Global Game","Feature","USA","","","","",""
"Under the Grapefruit Tree: The CC Sabathia Story","2020","Global Game","Feature","USA","","","","",""
"Gem Mint","2021","Global Game","Feature","USA","","","","",""
"Home Plate","2021","Global Game","Feature","USA","","","","",""
"Love and Baseball","2021","Global Game","Feature","USA","","","","",""
"Once Upon a Time in Queens","2021","Global Game","Doc","USA","Documentary","Made for TV as a part of ESPN's 30 for 30 series. A four-part exploration of the 1986 New York Mets and their enduring place in sports culture. [ 188 ]","","",""
"Still Pitching","2021","Global Game","Feature","USA","","","","",""
"The Kid Who Only Hits Homers","2021","Global Game","Feature","USA","","","","",""
"Facing Nolan","2022","Global Game","Doc","USA","Documentary","Explores the life and career of Hall of Fame Pitcher Nolan Ryan . [ 190 ]","","",""
"Game Changer","2022","Global Game","Feature","USA","","","","",""
"It Ain't Over","2022","Global Game","Doc","USA","Documentary","Explores the life and career of New York Yankees Hall of Fame catcher Yogi Berra . [ 189 ]","https://en.wikipedia.org/wiki/It_Ain%27t_Over_(film)","",""
"It Ain't Over ( Yogi Berra )","2022","Global Game","Feature","USA","","","","",""
"Running the Bases","2022","Global Game","Feature","USA","","","","",""
"Young Again","2022","Global Game","Feature","USA","","","","",""
"Reggie","2023","Global Game","Feature","USA","","","","",""
"Shohei Ohtani: Beyond the Dream","2023","Global Game","Doc","USA","Documentary","Documentary made by ESPN Films exploring Shohei Ohtani 's rise from his beginning in Japan to becoming a two-way superstar in Major League Baseball. Starring Pedro Martínez as narrator. [ 192 ]","https://en.wikipedia.org/wiki/Shohei_Ohtani:_Beyond_the_Dream","",""
"The Hill","2023","Global Game","Feature","USA","Biographical","The true-life story of Rickey Hill's improbable journey to play Major League Baseball. [ 193 ]","https://en.wikipedia.org/wiki/The_Hill_(2023_film)","",""
"Tomorrow's Game","2023","Global Game","Feature","USA","Children and family, Science fiction","On the day of his uncle's ascendance into the Baseball Hall of Fame , Daniel is forced to embark on a journey through time that sees him restore his family's legacy and rewrite baseball history. With Paul Rodriguez. [ 191 ]","","",""
"Always Believe: The Ozzie Albies Story","2024","Global Game","Feature","USA","","","","",""
"Eephus","2024","Global Game","Feature","USA","Drama","About the final game of an amateur New England baseball league before their stadium is demolished. [ 195 ]","https://en.wikipedia.org/wiki/Eephus","",""
"Graceball: The Story of Bobby Richardson","2024","Global Game","Feature","USA","","","","",""
"Nos Amours: The Saga of the Montreal Expos","2024","Global Game","Doc","USA","Documentary","Canadian film telling the story of the Montreal Expos , including the continuing attempts to return MLB to the city. [ 194 ]","","",""
"You Gotta Believe","2024","Global Game","Feature","USA","","","","",""
"Caught Stealing","2025","Global Game","Feature","USA","","","","",""
"The Instigators","2025","Global Game","Feature","USA","","","","",""
